municipio,apropiaciondolar,consejocomunal,ejecucion,uribista,pctopo,priorizado,poblacioncienmil,nbi
m1,102.1657639,0,0,0,14.82068634,0,20.91552925,12.17000008
m2,4.190608501,0,0,1,14.50708199,1,0.2405979931,33.77999878
m3,1.590828419,0,0,1,15.08287334,0,0.03975800052,28.54000092
m4,0,0,0,1,6.15248251,0,0.05577399954,33.13999939
m5,0,0,0,1,47.31318665,0,0.2722740173,27.06999969
m6,0,0,0,1,42.53298187,0,0.1932580024,45.25
m7,0,0,0,1,10.45301819,0,0.3894479871,30.46999931
m8,0,0,0,1,60.65989685,0,0.06812000275,25.96999931
m9,0.9204241037,0,0,1,0.8019911051,1,0.1506520063,55.15999985
m10,0,0,0,,44.71195221,0,0.1544339955,48.06999969
m11,33.68893814,0,0,1,46.33257294,0,0.2284180075,40.79999924
m12,0,0,0,,52.48868942,0,0.08776199818,51.34999847
m13,8.094789505,0,0,,7.216283798,0,1.059567928,19.34000015
m14,17.55037498,0,0,,1.874565005,0,0.2386160046,72.13999939
m15,0,1,0,1,51.94581223,0,0.06093800068,39.83000183
m16,62.80370712,0,0,0,33.56657791,0,0.3932679892,21.63999939
m17,0,0,0,1,14.00730801,0,0.0511379987,29.04999924
m18,33.98270798,0,0,1,24.09716797,1,3.823210001,9.029999733
m19,0,0,0,0,55.42060852,1,0.1078400016,31.25
m20,0,0,0,0,63.39973068,0,0.1718280017,45.33000183
m21,0,0,0,1,19.04761887,0,0.2808580101,30.17000008
m22,0,0,0,1,22.53658485,0,0.1048759967,54.93000031
m23,0,0,0,1,68.30731964,1,0.082506001,70.30000305
m24,33.98270798,0,0,1,54.1124115,0,0.2408179939,66.80999756
m25,0,0,0,0,74.49584961,0,0.07637199759,63.84999847
m26,33.98270798,0,0,0,33.33639526,0,0.709544003,13.01000023
m27,0,0,0,1,12.36768818,0,0.1052019969,
m28,0,0,0,,8.913175583,0,0.2138919979,57.09000015
m29,0,0,0,1,21.12852669,0,0.06000199914,29.93000031
m30,0,0,0,1,20.38151169,1,0.0724780038,24.53000069
m31,8.094789505,0,0,1,10.49228287,0,0.4400100112,43.25999832
m32,5.633717537,0,0,,7.690298557,0,0.4630680084,17.70000076
m33,0,0,0,,9.131736755,0,0.04534000158,17.42000008
m34,58.11709595,0,0,0,31.78133392,0,0.710340023,52.38000107
m35,8.094789505,0,0,,10.14342403,0,0.5998839736,40
m36,30.84221077,0,0,0,32.10918427,0,0.1030900031,23.75
m37,0,0,0,1,13.05227566,0,0.1999579966,35.54000092
m38,0,0,0,0,46.81122589,1,0.05564400181,25.95000076
m39,0,0,0,1,10.15437412,0,0.2463440001,39.22000122
m40,33.98270798,0,0,1,26.58468819,0,0.5722339749,9.659999847
m41,8.094789505,0,0,1,67.95632172,0,0.2928000093,66.48999786
m42,0,0,0,1,3.172234774,0,0.1594879925,18.71999931
m43,0,0,0,0,62.75510025,1,0.1401060075,42.52000046
m44,21.37639427,0,0,0,12.84887028,0,0.5926280022,50.75
m45,0,0,0,0,24.28904533,0,0.0849339962,15.27999973
m46,0,1,0,,24.61176872,0,1.689357996,5.360000134
m47,0,0,0,0,50.81337738,1,0.2260140032,24.29999924
m48,1.590828419,0,0,0,54.34313965,0,0.2373020053,44.88999939
m49,8.094789505,0,0,1,19.86179733,1,0.05305400118,47.38000107
m50,62.80370712,0,0,1,11.71356583,0,0.3978800178,15.43000031
m51,0,0,0,1,16.94488144,0,0.09501399845,39.54000092
m52,0,0,0,1,13.29073429,0,0.1561340094,27.02000046
m53,0,0,0,0,55.97374344,1,0.06224199757,48.22000122
m54,0,0,0,1,16.95431519,0,0.3561039865,17.73999977
m55,0,0,0,0,39.56222534,0,0.07428000122,14.89999962
m56,0,0,0,,46.36174393,0,0.07240600139,34.27000046
m57,0,0,0,,14.73872375,0,0.04555400088,28.26000023
m58,33.98270798,0,0,1,29.99700928,0,2.658963919,9.239999771
m59,0,0,0,1,11.8258667,0,0.4165259898,62.43999863
m60,0,1,0,1,7.522522449,0,0.165350005,24.25
m61,1.683162093,0,0,0,34.96855545,0,0.1681599915,27.63999939
m62,4.190608501,0,0,1,16.74503326,1,0.4864419997,13.75
m63,0,0,0,0,36.00904846,0,0.5451760292,11.65999985
m64,33.98270798,0,0,0,30.65198898,0,0.1019700021,37.63000107
m65,4.190608501,0,0,0,44.44372177,1,0.1963479966,18.43000031
m66,2.591057777,0,0,1,12.0851059,0,0.09852000326,35.22999954
m67,28.83281708,0,0,0,8.314606667,1,0.08110800385,35.41999817
m68,5.633717537,0,0,0,8.281515121,1,0.4173080027,14.35999966
m69,0,0,0,,67.66756439,1,0.08937799931,33.97000122
m70,8.094789505,0,0,0,14.12529469,0,0.1620820016,60.70000076
m71,2.192192316,0,0,1,5.358385563,0,0.1463640034,34.11000061
m72,17.55037498,0,0,1,1.454015017,1,0.4276379943,77.76000214
m73,2.75799036,0,0,0,61.78156281,1,0.1209840029,68.09999847
m74,0,0,0,1,12.4625845,0,0.02694199979,40.63000107
m75,0,0,0,1,33.55299377,0,0.1750459969,21.53000069
m76,0,0,0,0,56.03469467,0,0.1043180004,74.48999786
m77,1.683162093,0,0,,45.22971344,0,0.1029659957,30.02000046
m78,78.67324829,1,0,0,3.932291746,0,0.3903599977,38.47000122
m79,49.84043503,0,0,0,5.239852428,1,0.1335519999,31.81999969
m80,55.47415161,0,0,1,2.10678196,0,0.1413439959,33.65999985
m81,2.009392977,0,0,,32.84883881,0,0.1846340001,47.54999924
m82,0,0,0,0,40.18933487,0,0.1796800047,12.21000004
m83,0,0,0,0,5.064291954,0,0.9572060108,12.31000042
m84,0,0,0,1,14.33018303,0,0.09082999825,60.27999878
m85,0,0,0,1,16.41109276,0,0.4061799943,6.840000153
m86,2.363991737,0,0,0,38.02287674,0,0.1786600053,38.58000183
m87,0,0,0,0,5.923595428,1,0.1021619961,37.24000168
m88,0,0,0,,14.93555737,0,0.2099300027,29.93000031
m89,0,0,0,,74.90280914,0,0.09803199768,49.40999985
m90,33.68893814,0,0,1,44.08546829,0,0.1145960018,34.40000153
m91,0,0,0,1,10.52792549,1,0.03780400008,21.52000046
m92,17.55037498,0,0,0,4.204368114,0,0.2243219912,75.59999847
m93,0,0,0,1,5.279034615,0,0.1551399976,32.88000107
m94,0,0,0,1,5.626662254,0,0.2271939963,18.82999992
m95,0,0,1,1,5.120053291,0,0.3282499909,73.88999939
m96,0,0,0,1,19.56896591,0,0.1779320091,34.74000168
m97,28.83281708,0,0,1,22.94444466,1,0.1962639987,38.11999893
m98,0,0,0,,18.80132484,0,0.2412559986,29.93000031
m99,33.98270798,0,0,0,75.56256866,1,0.2542520165,28.71999931
m100,33.98270798,0,0,1,1.348113179,0,0.2684839964,23.51000023
m101,0,0,0,,10.97142887,1,0.1231300011,29.06999969
m102,0.7879972458,0,0,1,4.997149944,0,0.2628700137,20.68000031
m103,2.009392977,0,0,1,48.26498413,0,0.408235997,41.31999969
m104,2.192192316,1,0,0,16.89033127,1,0.4145379961,33.95000076
m105,0,0,0,0,65.86322784,0,0.1207100004,33.70999908
m106,0,0,0,1,19.41233063,0,0.168930009,28.23999977
m107,0,0,0,1,46.25115204,0,0.3109180033,62.59999847
m108,1.683162093,0,0,0,80.17579651,0,0.06920199841,37.50999832
m109,0,0,0,0,51.83165741,0,0.1148599982,27.78000069
m110,0,0,0,1,20.37819862,0,0.09926799685,50.47000122
m111,25.64516449,1,0,1,8.352700233,1,1.222962022,67.37999725
m112,8.094789505,0,0,,56.99011612,0,0.08557200432,63.59000015
m113,0,0,0,0,31.65374756,0,0.4251599908,37.13999939
m114,33.98270798,0,0,0,47.62039566,0,0.1285500079,54.49000168
m115,0,0,0,1,22.79898262,1,0.07776399702,26.65999985
m116,2.009392977,0,0,,46.04166794,1,0.1659660041,46.33000183
m117,0,0,0,1,55.90270615,0,0.1388099939,25.65999985
m118,0,0,0,0,9.375,0,0.08982999623,44.93999863
m119,68.9016037,0,0,0,8.610487938,0,0.3576659858,27.80999947
m120,2.009392977,0,0,1,29.96226311,0,0.1670099944,40.70999908
m121,6.611296654,0,0,,36.15740967,0,0.1427620053,59.09000015
m122,23.38578796,0,0,0,12.05240154,0,0.3289459944,60.06999969
m123,33.49090958,1,0,0,19.96987152,0,12.85961723,17.69000053
m124,0,0,0,0,28.68214226,1,0.5154799819,26.52000046
m125,0,0,0,0,51.04128265,0,0.2482299954,62.86000061
m126,0,0,0,1,13.97786427,1,0.1518875062,74.22000122
m127,0,0,0,1,49.19633102,0,0.2407249957,39.38000107
m128,0,0,0,1,29.39862061,1,0.1516325027,30.77000046
m129,0,0,0,,22.24820518,0,0.2614299953,50.52000046
m130,0,0,0,1,28.49189568,1,1.002322435,31.71999931
m131,0,0,0,1,9.730781555,1,0.1475075036,57.59999847
m132,31.60689735,0,0,,41.02119064,0,0.2688875198,37.74000168
m133,0,0,0,1,20.30838203,1,0.07075999677,54.18000031
m134,0,0,0,,22.7616806,0,0.1393074989,35.02999878
m135,31.60689735,0,0,1,61.36009216,0,0.1956399977,50.27999878
m136,0,0,0,0,58.2363205,0,0.3785974979,24.73999977
m137,0,0,0,1,35.83455276,1,0.2583200037,52.33000183
m138,31.60689735,0,0,,31.08159065,0,0.2257799953,39.93999863
m139,0,0,0,0,38.91376495,0,0.9444599748,38.34999847
m140,0,0,1,1,35.17870331,1,0.1677899957,60.13999939
m141,31.60689735,0,0,1,43.76549149,0,0.2752549946,33.88000107
m142,0,0,0,1,51.34158707,0,3.615659952,24.04999924
m143,31.60689735,0,0,1,51.75518417,0,0.1085875034,55.40000153
m144,0,0,0,0,55.86554337,0,0.1360474974,35.86000061
m145,0,0,0,0,47.14598465,1,0.09357750416,43.31000137
m146,132.6428986,0,0,0,34.55348587,1,69.26835632,9.159999847
m147,19.13306427,1,0,1,35.23464203,0,9.714956284,26.15999985
m148,0.7624937296,0,0,0,69.75210571,1,0.2478599995,80.80999756
m149,0,0,0,,49.90267944,0,0.1311119944,68.83999634
m150,0,0,1,,14.749403,0,0.1103359982,59.11999893
m151,15.87253094,1,0,0,48.38194656,0,0.6104419827,58.75
m152,0,0,0,,13.01115322,0,0.01760799997,67.80000305
m153,0,0,0,,91.33004761,0,0.1762160063,74.54000092
m154,33.98270798,0,0,0,0.4869605303,0,0.2245620042,71.98999786
m155,0,0,0,,30.99099159,0,0.07464199513,62.18000031
m156,7.276366234,0,0,,65.23576355,0,0.113474004,60.88000107
m157,0,0,0,,28.05573082,0,0.1209959984,72.05999756
m158,45.64425278,0,0,1,16.6927681,0,0.7786620259,93.45999908
m159,0,0,0,,66.46961975,0,0.09310200065,59.11000061
m160,0,0,0,,59.59702682,0,0.1151880026,72.86000061
m161,0.8439450264,0,0,,58.0857048,0,0.1271300018,78.34999847
m162,7.276366234,0,0,0,35.94158173,0,1.578541994,53.61999893
m163,0,0,0,0,59.85251617,1,0.2440039963,53.56000137
m164,8.120311737,0,0,0,33.15380859,1,0.09054199606,76.02999878
m165,0,0,0,1,42.94688797,0,0.5850099921,59.97999954
m166,0,0,0,,86.59164429,0,0.1228059977,68.18000031
m167,8.120311737,1,0,1,26.53385353,1,0.5609679818,49.25999832
m168,0,0,0,,27.27659607,0,0.2231699973,63.79999924
m169,0,0,0,0,93.45159149,0,0.2948620021,81.05000305
m170,0,0,0,0,99.41931915,0,0.0921939984,66.73000336
m171,0,0,0,0,43.95853043,0,0.3019379973,79
m172,0,0,0,,54.49457932,1,0.06547000259,45.95999908
m173,2.110650539,0,0,,38.21611786,0,0.1722719967,55.04000092
m174,8.120311737,0,0,1,9.301934242,1,0.1033099964,69.80000305
m175,33.98270798,0,0,,39.19484711,0,0.2705360055,94.31999969
m176,0,0,0,0,18.84213638,0,0.1091239974,90.43000031
m177,33.98270798,0,0,0,28.27703285,0,0.440019995,67.87000275
m178,0,0,0,,44.02394104,0,0.211740002,69.61000061
m179,0,0,1,,17.13228607,1,0.2754479945,66.08000183
m180,0,0,0,0,37.7919426,0,0.1738660038,48.33000183
m181,0,0,1,1,51.38441849,1,0.1377499998,91.68000031
m182,0,0,0,1,22.11412621,0,0.3559620082,55.43000031
m183,0,0,1,1,37.83018875,1,0.2701019943,62
m184,0,0,0,,63.69871521,0,0.0811920017,53.38000107
m185,7.276366234,0,0,1,70.03878021,0,0.1865379959,63.47999954
m186,0,0,0,,78.88299561,0,0.220569998,86.48000336
m187,15.87253094,0,0,1,48.17198944,0,0.6075800061,49.41999817
m188,0,0,0,1,31.05830002,0,0.1307020038,62.52999878
m189,2.110650539,0,0,0,60.62992096,1,0.1621779948,86.08000183
m190,11.65366364,0,0,1,51.69491577,0,0.119847998,58.36000061
m191,51.30059052,1,0,1,41.42087936,0,1.305986047,12.03999996
m192,0,0,0,0,65.21276855,0,0.04425200075,37.31999969
m193,0.2669297755,0,0,1,7.369668007,1,0.1980500072,42.75999832
m194,11.95077324,0,0,0,6.703662872,0,0.05008599907,33.25
m195,38.48532486,0,0,0,9.424657822,1,0.1548819989,31.10000038
m196,0,0,0,0,34.44444656,0,0.01924599893,36.11999893
m197,0,0,0,0,11.2643671,0,0.02792800032,64.05999756
m198,0,0,0,0,4.094256401,1,0.1522600055,52.88000107
m199,6.176483154,0,0,1,83.24433899,1,0.05643799901,49.90999985
m200,0,0,0,1,6.113207817,0,0.02841600031,36.15000153
m201,0,0,0,1,52.46874619,1,0.0562880002,45.04000092
m202,0,0,0,1,11.9496851,0,0.006287999917,57.97000122
m203,0,0,0,,72.86788177,0,0.05509399995,39.77999878
m204,0,0,0,1,29.40528679,0,0.041269999,44.04999924
m205,33.20091629,0,0,1,2.883895159,0,0.0503339991,26.02000046
m206,0,0,0,1,19.64472389,0,0.03573799878,35.79000092
m207,18.06420135,0,0,1,31.72131157,0,0.5337520242,17.68000031
m208,0,0,0,0,36.38025665,0,0.06289599836,69.98000336
m209,0.1535018533,0,0,1,8.025579453,0,0.07466199994,47.31000137
m210,0,0,0,1,34.13721466,0,0.04850199819,49.02999878
m211,0,0,0,1,21.34770966,0,0.05680200085,29.80999947
m212,0,0,0,1,60.37261963,1,0.1158460006,38.40000153
m213,0,0,0,1,55.13643646,0,0.05163399875,47.02999878
m214,0,1,0,1,4.058323383,0,0.02858399972,27.95000076
m215,0,0,0,1,12.70129967,0,0.03830200061,79.65000153
m216,33.39860535,0,0,1,67.04663086,0,0.06605400145,58.02000046
m217,6.176483154,0,0,1,3.490566015,0,0.05090600252,42.90999985
m218,0.2669297755,0,0,1,55.70422363,1,0.01861799881,46.18999863
m219,0,0,0,0,74.48805237,0,0.0833619982,49.11999893
m220,0,0,0,1,40.33036804,0,0.0388019979,34.15999985
m221,36.70245743,0,0,1,12.13892841,0,1.171658039,8.68999958
m222,0,0,0,1,49.81729507,0,0.06658200175,54.66999817
m223,0,0,0,1,0.8488964438,0,0.03698199987,51.34999847
m224,0,0,0,1,64.55964661,1,0.06560599804,27.77000046
m225,0,0,0,1,3.275742769,0,0.05232999846,46.13999939
m226,0,0,0,1,64.64912415,0,0.03458600119,60.34999847
m227,0,0,0,1,12.59830475,0,0.06375200301,44.08000183
m228,0.3939986229,0,0,1,43.18315887,1,0.1731700003,23.28000069
m229,0,0,0,1,14.03508759,0,0.02777799964,62.68999863
m230,6.06184721,0,0,0,87.788414,0,0.1039940044,25.95999908
m231,0,0,0,,16.13573456,0,0.1389520019,48.08000183
m232,0.2166874558,0,0,,10.52631569,0,0.09932400286,68.54000092
m233,0,0,0,1,42.18120956,1,0.01803399995,22.93000031
m234,0,0,0,0,82.25263214,1,0.07023400068,41.83000183
m235,0.2163213044,0,0,1,8.837208748,1,0.04784400016,25.29999924
m236,0,0,0,0,90.35713959,0,0.0134800002,44.74000168
m237,0,0,0,1,3.464755058,1,0.06698200107,49.63000107
m238,6.176483154,0,0,,55.31447983,1,0.1025279984,25.87000084
m239,6.06184721,0,0,1,25.82699013,0,0.04234600067,35.22999954
m240,0,0,0,1,68.09983063,1,0.08671999723,47.63000107
m241,7.752477169,0,0,1,13.77584362,0,0.08963999897,25.35000038
m242,0,0,0,1,13.62275505,0,0.06221999973,47.06000137
m243,0.3086344898,0,0,1,12.71028042,0,0.04633400217,30.13999939
m244,11.95077324,0,0,0,19.93920898,1,0.2356300056,30.84000015
m245,11.95077324,0,0,0,60.45655441,0,0.04565799981,50.25
m246,0,0,0,1,38.41343689,0,0.1545560062,45.63000107
m247,0,0,0,1,21.05220222,0,0.1243819967,13.59000015
m248,0,0,0,0,70.20295715,0,0.05515599996,28.64999962
m249,33.20091629,0,0,1,27.8021965,0,0.02584799938,51.63999939
m250,11.37003899,0,0,1,1.91732645,1,0.09930999577,48.84999847
m251,0,0,0,1,9.408100128,0,0.04679600149,37
m252,6.176483154,0,0,1,7.96039629,0,0.04055600241,38.15000153
m253,33.49103928,1,0,0,16.15129089,0,0.2799960077,18.06999969
m254,3.235055685,0,0,0,85.5111084,0,0.05098399892,41.63000107
m255,0.2166874558,0,0,1,10.18518543,0,0.02387800068,46.93000031
m256,11.37003899,0,0,1,23.93026924,0,0.08996000141,61.74000168
m257,0,0,0,0,0,0,0.02662999928,82.18000031
m258,5.284410954,0,0,,78.34430695,1,0.06012199819,27.61000061
m259,0,0,0,1,44.3549614,0,0.1543799937,50.11999893
m260,11.37003899,0,0,1,58.56716156,0,0.3982580006,39.22000122
m261,0,0,0,1,22.42671013,0,0.1578060091,54.88999939
m262,6.176483154,0,0,0,25.64411736,0,0.1471900046,41.50999832
m263,0,0,0,,36.58898163,1,0.1368300021,60.22000122
m264,0,0,0,,32.03214645,0,0.0293719992,41.70999908
m265,6.694162846,0,0,1,12.63541698,0,0.1349740028,49.18999863
m266,6.176483154,0,0,0,72.68994141,0,0.04978600144,46.06999969
m267,0,0,0,0,89.67585754,1,0.1429280043,30.86000061
m268,0,0,0,0,1.5625,0,0.01979599893,30.71999931
m269,6.694162846,0,0,1,28.19781876,1,0.05996000022,44.83000183
m270,6.258846283,0,0,1,75.72502136,1,0.07613199949,33.52999878
m271,0,0,0,1,0.8365018964,0,0.07031200081,52.08000183
m272,0,0,0,1,50.69565201,0,0.0447300002,31.44000053
m273,11.37003899,0,0,1,13.48739529,1,0.1391080022,47.31000137
m274,0,0,0,1,64.36204529,0,0.07737199962,42.45999908
m275,6.06184721,0,1,1,41.08631134,1,0.04799799994,32.72999954
m276,0,0,0,0,10.12610912,0,0.1278879941,17.07999992
m277,0,0,0,1,14.06953049,1,0.03999000043,35.81000137
m278,0.6069588065,0,0,1,13.98496342,0,0.03514000028,60.40000153
m279,0,0,0,,4.220779419,0,0.02074800059,46.13999939
m280,0,0,0,0,35.09008789,0,0.08379200101,50.79999924
m281,33.20091629,0,0,1,5.700977802,1,0.2094060034,40.70999908
m282,0,0,0,0,68.60598755,0,0.1699720025,72.34999847
m283,5.284410954,0,0,0,63.70326233,1,0.08346600085,29.13999939
m284,3.235055685,0,0,1,57.75992203,1,1.519037962,11.43000031
m285,0,0,0,1,38.42105103,0,0.06209199876,36.90000153
m286,6.176483154,0,0,1,32.30944443,0,0.0279779993,46.29999924
m287,0,0,0,1,44.87939453,0,0.110089995,37.93999863
m288,6.176483154,0,0,0,41.33411407,0,0.06771399826,46.25999832
m289,33.20091629,0,0,1,2.4842484,0,0.05196800083,55.95000076
m290,6.176483154,0,0,1,77.2747879,0,0.06909199804,35.29999924
m291,2.363991737,0,0,1,70.20820618,0,0.04601199925,57.70000076
m292,0,0,0,0,42.90209579,0,0.07434800267,39.49000168
m293,0.2163213044,0,0,1,22.37859154,1,0.05091999844,28.22999954
m294,0,0,0,0,65.81403351,0,0.09932800382,45.90000153
m295,0,0,0,0,10.28724098,0,0.1030900031,16.13999939
m296,6.176483154,0,0,1,32.22390366,0,0.02538199909,48.02999878
m297,33.20091629,0,0,1,79.01796722,0,0.04269000143,63.13999939
m298,0,0,0,1,29.47444344,0,0.1238919944,44.45000076
m299,0,0,0,1,46.21621704,0,0.05316600204,44
m300,0,0,0,1,6.019711971,0,0.03478400037,29.45000076
m301,0.2669297755,0,0,0,28.82051086,1,0.05855600163,60.63999939
m302,0,0,0,1,78.13130951,0,0.01183199976,24.63999939
m303,0,0,0,1,78.2962265,0,0.1193379983,32.04000092
m304,33.20091629,0,0,1,53.98615646,0,0.07914800197,32.16999817
m305,0,0,0,1,1.111111164,0,0.02467400022,46.68000031
m306,0,0,0,1,3.252444744,0,0.09717399627,47.36000061
m307,33.36410904,0,0,,60.80683899,0,0.1219379976,28.45000076
m308,0,0,0,1,33.86554337,0,0.03618000075,38.02000046
m309,7.752477169,0,0,0,19.27007294,0,0.05649200082,38.08000183
m310,32.46854019,1,0,,18.44215775,0,3.778120041,9.970000267
m311,0.3939986229,0,0,0,90.65880585,1,0.5521559715,23.20999908
m312,33.98270798,0,0,1,36.28797531,0,0.4620780051,19.07999992
m313,0,0,0,1,16.65018272,0,0.1821060032,20.30999947
m314,0,0,0,,41.15529633,1,0.1528979987,28.78000069
m315,18.33322906,0,0,1,27.36663246,0,0.8104419708,18.89999962
m316,0,0,0,,88.49287415,1,0.164154008,26.55999947
m317,55.47415161,0,0,1,43.15419006,0,0.840726018,25.06999969
m318,0,0,0,0,82.03658295,0,0.1254040003,25.78000069
m319,0.3939986229,0,0,1,7.225420952,0,0.3716059923,27.37999916
m320,33.98270798,0,1,,54.50643921,0,0.091835998,35.99000168
m321,0,0,0,1,7.349794388,0,0.163854003,26.89999962
m322,0,0,0,0,44.53488159,0,0.04023399949,21.43000031
m323,0,0,0,1,38.53032303,0,0.2624999881,22.53000069
m324,0,0,0,,85.15222931,0,0.01380600035,36.65999985
m325,0.7879972458,0,0,0,45.79063797,1,0.2058099955,24.87999916
m326,0,0,0,0,58.20611572,0,0.2677679956,25.85000038
m327,0.3939986229,0,0,1,4.278039932,0,0.2627240121,23.60000038
m328,0,0,0,1,57.11985397,0,0.5060459971,23.77000046
m329,10.11142921,0,0,0,81.43418121,0,0.2020699978,24.61000061
m330,0.3939986229,0,0,0,94.08369446,1,0.2740579844,18.37999916
m331,0,0,0,,22.72501945,0,0.405046016,32.93000031
m332,12.45082855,0,0,,50.72549057,0,0.01514399983,25.22999954
m333,33.98270798,0,0,1,73.34407806,0,0.2503260076,24.20999908
m334,0,0,0,1,70.5764389,0,0.1156180054,30.65999985
m335,8.195643425,0,1,0,64.52412415,0,0.4688540101,11.34000015
m336,12.45082855,0,0,1,10.49261093,0,0.177947998,22.21999931
m337,15.47677231,1,0,0,0.132953465,0,1.446884036,26.84000015
m338,0,0,0,0,,1,0.1230299994,35.02999878
m339,18.71222305,0,0,0,0.2729754448,0,0.1027740017,47.83000183
m340,0,0,0,,,1,0.2994520068,50.68000031
m341,0,0,0,1,0.773694396,1,0.1431960016,47.41999817
m342,18.71222305,0,0,0,0.06600660086,0,0.2235340029,41.16999817
m343,18.71222305,0,0,0,0.1117318422,1,0.1730719954,54.34000015
m344,18.71222305,0,0,0,0.1872659177,0,0.2619279921,64
m345,18.71222305,0,0,,,0,0.1848360002,60.34000015
m346,0.9928765297,0,1,0,,1,0.0519419983,40.27000046
m347,18.71222305,1,0,,0.182815358,0,0.3488439918,46.84999847
m348,18.71222305,0,0,1,,0,0.1503559947,49.65000153
m349,20.838871,1,0,0,0.5128205419,1,0.5109080076,53.79999924
m350,0,0,0,0,,0,0.1410939991,
m351,0.9928765297,0,1,,0.4618937671,0,0.09938199818,52.86999893
m352,0.9928765297,0,1,,,1,0.1865019947,46.93999863
m353,18.26700211,1,0,1,28.8939476,0,2.391851902,17.57999992
m354,0,0,0,0,6.871609211,0,0.2137620002,88.54000092
m355,0,0,0,1,59.38775635,0,0.2818480134,
m356,0,0,0,1,46.99481583,1,0.2608140111,62.04999924
m357,0,0,0,1,46.69634247,0,0.6549040079,66.91999817
m358,0,0,0,0,11.65861607,0,0.2028920054,57.86000061
m359,0,0,0,1,17.72709274,0,0.3382480145,63.40999985
m360,0,0,0,0,10.16822433,0,0.3408840001,69.76000214
m361,0,0,0,1,23.17253304,0,0.4239380062,38.04000092
m362,0,0,0,1,53.20885849,0,0.2697040141,52.91999817
m363,0,0,0,0,53.79524231,0,0.5147699714,52.02999878
m364,0,0,0,1,3.041666746,0,0.06130000204,46.63999939
m365,0,0,0,1,16.21439171,0,0.3088360131,86.51000214
m366,3.337416887,0,0,0,20.22877312,1,0.2603340149,68.40000153
m367,0,0,0,0,17.25738335,0,0.1471839994,73.02999878
m368,0,0,0,,58.84210587,1,0.128136009,56.90999985
m369,0,0,0,0,15.56381702,0,0.3176699877,70.62999725
m370,0,0,0,,9.544418335,0,0.2588340044,44.81000137
m371,0,0,0,1,51.03750229,0,0.1788100004,69.02999878
m372,0,0,0,1,18.18470001,0,0.2601400018,50.18999863
m373,0.2166992426,0,0,0,13.90070915,1,0.2982680202,62.22999954
m374,0,0,0,0,19.01127625,0,0.1105479971,22.20999908
m375,3.324134827,0,0,0,22.29893875,0,0.3491140008,64.23000336
m376,12.15356541,0,0,,23.99575806,0,0.3106180131,35.06999969
m377,12.15356541,0,0,1,39.33032608,1,0.3561680019,38.11999893
m378,12.15356541,0,0,,36.67115021,0,0.5496799946,18.04999924
m379,0,0,0,0,53.75576019,0,0.1912519932,51.33000183
m380,12.15356541,0,0,0,11.66191864,1,0.130272001,65.88999939
m381,49.84043503,0,0,0,11.68224335,0,0.0950819999,75
m382,12.15356541,1,0,0,21.24333763,0,0.8811399937,33.34000015
m383,0,0,0,,0,0,0.1296920031,77.37999725
m384,0,0,0,0,4.255411625,1,0.3880819976,50.25999832
m385,0,0,0,0,52.04724503,0,0.1481480002,56.90000153
m386,0,0,0,1,27.23476791,1,0.2446580082,59.54999924
m387,0,0,0,,15.3301897,0,0.01790999994,80.19000244
m388,12.15356541,0,0,1,15.19570541,0,0.2787919939,36.52000046
m389,0,0,0,1,15.76271248,0,0.3302920163,72.51000214
m390,0,0,0,0,17.4821167,1,0.3004959822,61.58000183
m391,3.337416887,0,0,0,20.48296738,0,0.1817319989,60.74000168
m392,12.15356541,0,0,,7.699114799,0,0.02865200117,30.37000084
m393,11.65366364,1,0,0,32.20061493,0,3.647867918,32.68999863
m394,49.84043503,1,0,0,10.75260258,0,0.8892220259,41.25
m395,0.9849965572,0,0,0,47.41267014,0,0.7471600175,51.70000076
m396,8.458362579,0,0,,3.422007322,0,0.2214599997,70.5
m397,7.276366234,0,0,0,3.896103859,0,0.1475680023,55.84999847
m398,74.50817108,0,0,0,3.891946077,0,0.2784340084,50.13000107
m399,7.276366234,0,0,0,16.08903694,1,0.4270299971,65.76999664
m400,0,0,0,,8.382255554,0,0.3032639921,52.74000168
m401,49.84043503,0,0,0,18.36399078,0,0.3751519918,46.22000122
m402,99.72026825,0,0,1,2.388518572,0,0.2631880045,50.99000168
m403,7.276366234,0,0,1,4.203821659,0,0.2521480024,61.65000153
m404,0,0,0,1,14.94518185,0,0.1223580018,50.52000046
m405,0,0,0,,0.4217431843,0,0.2155919969,64.48000336
m406,0,0,0,1,5.769669056,0,0.2141939998,54.77000046
m407,0,0,0,0,8.06703949,0,0.316652,55.81000137
m408,1.497982621,0,0,1,40.2802124,0,0.1161919981,55.29000092
m409,49.84043503,0,0,0,3.069727898,0,0.1591040045,50.68000031
m410,49.84043503,0,0,0,16.7310009,0,0.180723995,55.31000137
m411,0,0,0,,34.75,0,0.03445599973,83.94999695
m412,12.60001564,0,0,0,16.24742317,0,0.1648140103,49.65999985
m413,13.15164661,0,0,0,45.91145706,0,0.2482839972,50.40999985
m414,56.53459549,0,0,1,10.54662418,0,0.1799979955,33.59000015
m415,0,0,0,1,56.08108139,0,0.160875991,40.31999969
m416,49.84043503,0,0,,10.59357834,0,0.184356004,46.88999939
m417,0,0,0,1,2.808219194,0,0.1585119963,61.24000168
m418,29.44455147,1,0,1,45.58894348,1,3.48884201,44.5
m419,0,0,0,1,24.9432888,1,0.5550960302,61.54999924
m420,33.98270798,0,0,0,21.19709778,0,0.1611279994,61.34000015
m421,0,0,0,0,29.91117859,1,0.1376540065,85.94999695
m422,27.62637329,0,0,0,30.5161953,0,0.8726840019,50.34999847
m423,0,0,0,,27.9324894,0,0.1259000003,62.97999954
m424,34.92353821,0,0,,44.57962036,0,0.4092220068,54.50999832
m425,15.65995502,0,0,1,33.47215271,0,0.4196299911,64.41999817
m426,0,0,0,0,18.54132843,0,0.1735019982,62.00999832
m427,33.98270798,0,0,0,34.66063309,1,0.1460119933,53.43000031
m428,9.415615082,0,0,0,39.33956146,0,1.224645972,64.51000214
m429,0,0,0,0,31.58286858,0,0.1129759997,85.34999847
m430,0.04054245725,0,0,1,34.40898895,0,0.1125340015,63.86999893
m431,1.575994492,0,0,1,24.39373398,0,0.5755639672,47.43999863
m432,0,0,1,1,49.20212936,1,0.2361299992,78.77999878
m433,36.57405472,0,0,0,36.43595123,0,0.599503994,58.38000107
m434,34.74391174,0,0,0,27.06163597,0,0.2944900095,63.04000092
m435,0,0,1,,51.03028488,1,0.1326140016,84.59999847
m436,1.575994492,0,0,1,34.43174362,0,0.2640540004,59.41999817
m437,0.04054245725,0,0,,14.16804028,0,0.1532739997,68.04000092
m438,33.98270798,0,0,0,41.7210083,0,1.240910053,53.74000168
m439,0.04054245725,0,0,0,74.39052582,0,0.5029699802,87.16999817
m440,9.375072479,0,0,1,26.23788452,0,0.2061319947,66.31999969
m441,0,0,0,1,35.62974548,1,0.295645982,71.15000153
m442,0,0,0,1,17.57815361,0,0.1846799999,66.48999786
m443,9.375072479,0,0,1,48.88419724,0,0.3702299893,63.61000061
m444,3.151988983,0,0,1,7.061397076,1,0.6562179923,73.19999695
m445,4.970166206,0,1,1,8.2961092,1,0.2859500051,76.12000275
m446,0,0,0,1,10.85161972,0,0.133882001,20.60000038
m447,5.633717537,0,0,1,5.808538437,0,0.05282600224,25.78000069
m448,0,0,0,,45.91741562,0,0.1105720028,29.97999954
m449,0,0,0,1,3.77513361,0,0.1587460041,26.86000061
m450,0,0,0,1,0.3831891418,0,0.2202399969,25.25
m451,0,0,0,0,0.8144797087,0,0.01659400016,33.86000061
m452,0,0,0,1,0.2092050165,0,0.02879799902,31.65999985
m453,0,0,0,1,18.81481361,0,0.06888599694,21.36000061
m454,1.575994492,0,0,,49.82206345,0,0.05376200005,37.43999863
m455,0,0,0,0,28.14701271,0,0.1132120043,21.37000084
m456,6.694162846,0,0,,7.649506092,0,0.4406040013,12.72000027
m457,0,0,0,,0.09687656164,0,0.2346759886,53.90000153
m458,56.84816742,0,0,1,0.7632782459,1,0.2005739957,30.34000015
m459,0,0,0,1,1.13908875,0,0.09967400134,39.09000015
m460,0,0,0,0,0.2916160524,0,0.04970400035,44.09000015
m461,30.8535614,1,0,1,5.903142929,0,0.7334259748,7.119999886
m462,56.84816742,0,0,0,0.64453125,0,0.09345600009,30.35000038
m463,0.3939986229,0,0,1,0.3049147427,1,0.1328240037,24.30999947
m464,36.87119293,0,0,1,8.248508453,0,0.1883080006,43.54999924
m465,6.694162846,0,0,,1.673217297,0,0.1633480042,13.18000031
m466,24.15940094,0,0,0,9.818548203,1,0.1667000055,13.85000038
m467,0,0,0,1,1.572668195,0,0.09537199885,40.66999817
m468,0,0,0,1,21.29668236,0,0.2375179976,21.31999969
m469,0,0,0,1,7.772277355,0,0.05463400111,48
m470,0,0,0,,3.35636735,0,0.0947239995,24.62999916
m471,18.08454704,0,0,1,6.235620975,0,1.005553961,13.14999962
m472,0,0,0,1,1.123209119,0,0.2105839998,30.36000061
m473,0,0,0,1,1.312793016,1,0.06820599735,38.75
m474,12.45082855,0,0,1,57.56892395,0,0.5754259825,13.34000015
m475,0,0,0,1,65.89665985,0,0.05659599975,23.43000031
m476,45.42391968,0,0,0,5.794768333,0,1.091547966,17.37999916
m477,0,0,0,,2.65968585,1,0.05671999976,33.66999817
m478,0,0,0,1,2.600472689,0,0.07784999907,20.96999931
m479,0,0,0,1,6.507818222,1,0.106813997,38.88999939
m480,0,0,0,1,0.5586591959,1,0.035459999,27.27000046
m481,0,1,0,1,11.83308792,0,1.228801966,20.15999985
m482,0,0,0,0,1.275862098,0,0.122175999,17.70999908
m483,0,0,0,,3.342376709,0,0.1279539913,32.81999969
m484,18.08454704,0,0,1,0.7856933475,0,0.3479059935,28.22999954
m485,0,0,0,1,7.869071484,0,0.1179919988,18.42000008
m486,0,0,0,1,29.60000038,0,0.02229999937,47.11000061
m487,0,0,0,1,1.513067484,0,0.07065799832,22.97999954
m488,12.45082855,0,0,1,0.6810631156,0,0.03829199821,27.63999939
m489,56.84816742,0,0,1,9.832669258,0,0.0628580004,31.69000053
m490,0,0,0,1,0.2063628584,0,0.03252400085,46.75
m491,0,0,0,0,12.8617363,0,0.02813999914,51.13999939
m492,0,0,0,1,2.224633694,1,0.1211120039,34.11000061
m493,0.3939986229,0,0,1,3.910048246,0,0.2590839863,13.32999992
m494,0,0,0,1,48.42655945,0,0.2908380032,23.86000061
m495,0,0,0,1,0.769903779,1,0.2004919946,43.11999893
m496,0,0,0,1,0.1651073247,1,0.08116199821,68.48999786
m497,0,0,0,0,2.784090757,1,0.160341993,24.79999924
m498,0,0,0,1,11.16967583,0,0.1026799977,32.40999985
m499,3.697855234,0,0,1,0.1811248809,0,0.08236400038,45.06999969
m500,18.08454704,0,0,1,3.680425167,1,0.5772880316,13.52000046
m501,0,0,0,1,0.2395783365,0,0.07823199779,37.61000061
m502,0,0,0,1,1.315887809,0,0.1112440005,42.75999832
m503,5.633717537,0,0,,21.30059433,0,0.3646039963,11.06000042
m504,0,0,0,1,1.595744729,0,0.01894799992,43.93000031
m505,0,0,0,1,0.9399478436,0,0.1153260022,17.14999962
m506,0,0,0,1,56.65726471,0,0.07329399884,23.96999931
m507,0,0,0,1,0,1,0.03807200119,29
m508,0,0,0,1,0.3585483134,1,0.1112739965,35.11999893
m509,0,0,0,,38.98768616,0,0.0393400006,25.04999924
m510,0,0,0,1,3.665884972,1,0.3267320096,21.93000031
m511,0,0,0,0,0.1119820848,0,0.05914000049,59.72000122
m512,0,0,0,1,13.88838005,0,0.05719999969,35.36000061
m513,0,0,0,1,63.38235855,0,0.07934399694,38.88000107
m514,0,0,0,1,1.093474388,0,0.1166720018,26.23999977
m515,0,0,0,0,1.743762255,0,0.1441019922,29.21999931
m516,0,0,0,1,3.090909004,0,0.03249400109,41.70000076
m517,0,0,0,1,0,0,0.05923400074,39.52999878
m518,0,0,0,1,0.6142241359,0,0.06556200236,39.22999954
m519,0,0,0,0,2.517241478,0,0.1344060004,42.72000122
m520,0,0,0,1,26.12208176,0,0.07822000235,37.59000015
m521,0,0,0,1,6.26052475,0,0.08080399781,36.59000015
m522,0,0,0,1,10.94587231,0,0.142749995,27.61000061
m523,0,0,0,1,0.5614631772,0,0.2264820039,28.37000084
m524,0,0,0,1,0.246913597,0,0.04909399897,37.77999878
m525,0,0,0,0,0.697522819,1,0.07557400316,22.57999992
m526,0,0,0,0,1.12994349,0,0.1054319963,34.15000153
m527,18.08454704,0,0,1,2.207655907,1,0.1151039973,24.77000046
m528,78.58544159,0,0,,0.9083728194,0,0.07502199709,16.63999939
m529,0,0,0,0,26.91432762,0,0.3255160153,16.82999992
m530,0,0,0,1,1.745004177,0,0.2781080008,24.52000046
m531,6.694162846,0,0,0,6.413332939,1,0.1049439982,21.45999908
m532,24.15940094,1,0,1,2.965960741,0,3.257672071,15.60000038
m533,0,0,0,1,2.201939583,0,0.168689996,8.93999958
m534,0,0,0,1,1.125639558,0,0.1450559944,14.02000046
m535,0.1969993114,0,0,1,8.655736923,0,0.1477919966,23.62000084
m536,0,0,0,1,2.529084444,1,0.06683199853,32.95000076
m537,6.694162846,0,0,1,11.22615814,0,0.07152199745,30.70999908
m538,0,0,0,1,6.122448921,0,0.04832400009,30
m539,0,0,0,1,4.389336586,0,0.1424659938,12.40999985
m540,6.694162846,0,0,0,13.49072456,0,0.07423400134,25.5
m541,0,0,0,1,22.24719238,0,0.06734800339,24.12000084
m542,0,0,0,0,7.722772598,0,0.2036560029,16.17000008
m543,0,0,0,0,0.74626863,0,0.07049600035,37.24000168
m544,3.697855234,0,0,1,0.131406039,0,0.04303599894,34.04999924
m545,0,0,0,1,16.33353424,0,0.1746419966,33.79000092
m546,33.20091629,0,0,1,6.646181107,0,0.173142001,20.01000023
m547,0,0,0,,0.8786610365,0,0.07432600111,63.58000183
m548,0,0,0,1,0.5164878964,1,0.1460379958,49.47000122
m549,6.694162846,0,0,1,10.02056217,0,0.07099600136,32.31000137
m550,0,0,0,1,25.45006561,0,0.4270040095,20.84000015
m551,0,0,0,1,13.70277119,0,0.07565800101,28.13999939
m552,0.1969993114,0,0,1,0.3405994475,0,0.05590799823,42.70000076
m553,0,0,0,1,0.1519213617,1,0.1356700063,52.13999939
m554,0,0,0,1,10.99236584,0,0.05135599896,30.86000061
m555,0.1969993114,0,0,,0.2262443602,0,0.02383599989,42.95000076
m556,33.20091629,0,0,1,0.2119725347,0,0.1671539992,25.90999985
m557,20.21349525,0,0,0,0.2562942803,0,0.3370099962,21.07999992
m558,0,0,0,1,4.545454502,0,0.1824740022,38.45999908
m559,0,0,0,1,0.2923826575,1,0.1783740073,64.73000336
m560,0,0,0,1,8.728139877,0,0.04943399876,30.56999969
m561,6.694162846,0,0,0,3.036734581,1,1.000767946,12.34000015
m562,9.907815933,1,0,1,88.83026123,0,1.154047966,89.51000214
m563,0,0,0,1,77.25258636,0,0.1117599979,48.47000122
m564,0,0,0,,87.05371857,0,0.2483540028,96.98000336
m565,9.218318939,0,0,1,87.78378296,0,0.07745599747,79.68000031
m566,9.218318939,0,0,1,80.67527771,0,0.1520580053,84.44000244
m567,0,0,0,1,88.66159058,1,0.08338800073,29.09000015
m568,0,0,0,0,89.60622406,0,0.2183919996,77.33999634
m569,0,0,0,0,93.97141266,0,0.08509200066,52.31999969
m570,0,0,0,0,80.11363983,0,0.09523999691,86.20999908
m571,0.5634180307,0,0,1,85.5578537,0,0.1854680032,62.13999939
m572,0,0,0,1,74.08162689,1,0.08259599656,30.95999908
m573,0,0,0,1,74.86933136,0,0.1004559994,76.44000244
m574,2.533411026,0,0,1,83.67880249,1,0.275150001,87.90000153
m575,0,0,0,,96.03603363,0,0.04926599935,86.20999908
m576,9.218318939,0,0,1,94.36148071,0,0.1227679998,69.69999695
m577,0,0,0,,93.83924866,0,0.02343000099,
m578,0,0,0,,49.22199249,0,0.1302700043,49.86999893
m579,0.5634180307,0,0,1,89.486763,0,0.08781199902,66.19000244
m580,10.75104046,0,0,1,78.84983826,0,0.05821600184,42.34999847
m581,0,0,0,,87.48480988,0,0.08083999902,82.58000183
m582,0,0,0,,84.11005402,0,0.01577599905,98.80999756
m583,0,0,0,0,84.93991852,0,0.3163799942,97.31999969
m584,0,0,0,1,78.10543823,0,0.06633800268,42.09999847
m585,0,0,0,0,86.64429474,0,0.02734600008,47.11999893
m586,13.01424694,0,0,,87.83158875,1,0.2592680156,86.83000183
m587,0,0,0,0,84.70930481,0,0.1437339932,59.84000015
m588,13.01424694,0,0,,83.66471863,0,0.01632199995,52.95999908
m589,12.70369339,1,0,1,32.43124771,1,3.537045956,17.61000061
m590,0,0,0,1,12.97698593,1,0.2443259954,64.09999847
m591,0,0,0,0,1.321257353,0,0.0922960043,44.91999817
m592,10.56128597,0,0,0,40.38430786,0,0.1439840049,38
m593,0,0,0,0,74.78700256,0,0.235266,49.25999832
m594,26.82369232,0,0,0,4.80793047,0,0.03055199981,23.57999992
m595,0,0,0,,52.07831192,0,0.09148599952,
m596,0,0,0,0,14.02052784,0,0.3065440059,26.59000015
m597,0,0,0,,17.3151741,1,0.1030320004,64.76999664
m598,0,0,0,1,3.336585283,0,0.02876199968,33.27000046
m599,0.7879972458,0,0,1,6.712944984,1,0.5527420044,30.89999962
m600,10.56128597,0,0,0,35.94594574,1,0.2315260023,30.04999924
m601,16.26477051,0,0,1,18.24679184,0,0.1436039954,36.70000076
m602,10.56128597,0,0,,33.99563599,0,0.06126799807,32.29999924
m603,1.772993803,0,0,1,4.199999809,0,0.08926600218,44.16999817
m604,4.687572002,0,0,,10.38236332,0,0.2392639965,46.63000107
m605,1.301495671,0,0,1,9.731737137,0,0.1057740003,44.66999817
m606,7.094492912,0,1,1,19.94226456,1,0.4390600026,44.18000031
m607,3.742986917,0,0,1,0.7608695626,0,0.06460399926,42.27999878
m608,1.301495671,0,0,1,0.8610086441,0,0.08874800056,53.31000137
m609,0.9849965572,0,0,1,4.422843456,0,0.05130599812,38.43999863
m610,0,0,0,0,8.858870506,1,0.224496007,30.15999985
m611,33.43140793,0,0,1,25.78456497,0,0.1067119986,44.93000031
m612,0,0,0,1,0.5838392973,1,0.1252139956,44.84999847
m613,38.11503983,0,1,1,24.96575356,1,0.9001979828,37.27999878
m614,2.142012835,0,0,0,17.08418846,1,0.159988001,32.31000137
m615,0,0,0,1,11.27562714,0,0.09035400301,49.43999863
m616,4.687572002,0,0,1,9.267080307,1,0.2765420079,42.56999969
m617,0,0,0,1,0.324149102,0,0.0985860005,42.02000046
m618,2.175379515,0,0,0,29.22442245,0,0.1025919989,45.65000153
m619,0,0,0,0,8.963795662,0,0.1489840001,40.84999847
m620,0.7879972458,0,0,1,7.623931885,1,0.08567400277,29.53000069
m621,0,0,0,1,22.0076046,0,0.1573060006,54.24000168
m622,0.7879972458,0,0,0,0.9922041297,0,0.07698000222,34.27000046
m623,10.56128597,0,0,,11.16571808,0,0.2431360036,31.47999954
m624,0,0,0,1,6.480304718,1,0.0764419958,40
m625,12.70369339,0,0,1,20.42709923,1,0.06944999844,21.57999992
m626,2.532927752,1,0,0,43.13388062,1,1.124534011,48.43000031
m627,0,0,0,0,28.65093613,0,0.2081499994,60.93000031
m628,11.65366364,0,0,0,43.17543793,0,0.2714039981,45.33000183
m629,2.060129404,0,0,,25.83333206,0,0.1867720038,65.02999878
m630,11.65366364,0,0,,66.0920639,0,0.08233799785,44.84000015
m631,11.65366364,0,0,1,7.048814774,0,0.05999600142,45.43999863
m632,11.65366364,0,0,1,45.50100708,0,0.2652660012,31.79999924
m633,11.65366364,0,0,,64.84260559,0,0.1069340035,37.74000168
m634,0,0,0,,51.00864792,0,0.005441999994,58.36999893
m635,13.7149744,0,0,0,52.11304474,0,1.385450006,68.27999878
m636,0.4727983475,0,0,1,78.48581696,1,0.4817579985,86.88999939
m637,14.97182083,0,0,1,30.93324661,1,0.3579300046,36.29999924
m638,0,0,0,1,76.59181213,0,0.7800019979,96.08999634
m639,11.65366364,0,0,1,30.89149666,0,0.110808,42.86999893
m640,11.65366364,0,0,1,47.00238037,0,0.207258001,34.36999893
m641,17.94255638,1,0,1,29.54414749,0,4.26167202,29.04999924
m642,0,0,0,,1.731958747,0,0.02355599962,64.65000153
m643,49.84043503,0,0,0,28.75072861,0,0.4900960028,56.29999924
m644,11.65366364,0,0,1,0.6174598932,0,0.4498800039,59.22000122
m645,0,0,0,1,0.2096236199,0,0.2162860036,63.72999954
m646,0,0,0,1,0.2746672332,0,0.1644700021,72.25
m647,2.060129404,0,0,1,52.2425766,0,1.63567996,43.77999878
m648,0,0,0,,0.7346585989,0,0.02048799954,62.59999847
m649,7.276366234,0,0,1,1.902694941,1,0.7725999951,63.65000153
m650,0,0,0,1,0.3532008827,0,0.2336100042,61.63000107
m651,0,0,0,,18.02861786,0,0.2430520058,59.22000122
m652,1.514924645,0,1,1,16.59446716,1,0.7833979726,43.81000137
m653,7.276366234,0,0,0,2.17950654,1,0.2931579947,64.83999634
m654,1.969993114,0,0,1,0.686168313,1,0.1613399982,83
m655,33.98270798,0,0,1,1.115434527,0,0.1616740078,68.58000183
m656,0,0,0,,1.070811749,0,0.1407859921,83.16000366
m657,1.514924645,0,1,0,1.056169868,1,0.6853680015,50.72000122
m658,11.65366364,0,0,1,1.60835588,0,0.7609919906,63.09000015
m659,2.060129404,0,0,1,38.54090881,0,0.2408259958,57.75999832
m660,0,0,0,1,2.256699562,0,0.1599099934,60.52000046
m661,0,0,0,,1.117685676,0,0.02978999913,79.13999939
m662,1.514924645,0,1,1,0.8412197232,1,0.1077440009,53.50999832
m663,9.302307129,0,0,,0.6808680296,1,0.225684002,67.65000153
m664,7.276366234,0,0,1,0.5753424764,0,0.1033099964,73.73000336
m665,1.788931012,0,0,1,2.344306946,1,0.3554240167,66.48999786
m666,0,0,0,0,4.872991085,0,0.1110799983,80.25
m667,0,0,0,1,9.904878616,0,0.2223559916,67.26999664
m668,0,0,0,1,0.4845980406,0,0.251722008,68.16000366
m669,0,0,0,1,0.03473428264,0,0.0864199996,77.76000214
m670,0,0,0,,8.992734909,0,0.1140079945,43.58000183
m671,95.39590454,1,0,1,0.3131006956,0,3.592793941,16.77000046
m672,18.71222305,0,0,1,0.1382063776,0,0.5012239814,22.63999939
m673,0,0,1,1,0.328407228,0,0.03194399923,40.20999908
m674,0,0,0,0,0,0,0.04144600034,44
m675,18.71222305,0,0,1,0.2291825861,0,0.052794002,23.42000008
m676,0,0,0,,0.3508771956,0,0.05141999945,31.17000008
m677,0,0,0,1,0.1926163733,0,0.1857739985,23.27000046
m678,0,0,0,,0,0,0.0291579999,20.19000053
m679,0,0,0,1,0.2590673566,0,0.108765997,41.34999847
m680,0,0,0,,0,0,0.03343199939,35.97999954
m681,30.02997971,0,1,0,0.1227747053,1,0.1008080021,39.09000015
m682,0.8126220107,0,0,,0.1695234627,0,0.4285239875,27.65999985
m683,19.89421844,0,0,1,0,0,0.08606000245,19.42000008
m684,0.3939986229,0,0,1,0,0,0.1125340015,
m685,18.71222305,0,0,,0.3225806355,0,0.139696002,
m686,0,0,0,,0.1097694859,0,0.1616660058,
m687,18.71222305,0,0,0,8.695652008,0,0.1043799967,50.34999847
m688,0,0,0,,0.1075268835,0,0.1534540057,38.38999939
m689,0,0,0,0,0,0,0.1367360055,
m690,3.135462761,0,0,0,0,1,0.2101099938,65.54000092
m691,2.741464138,0,0,,0.2707205117,1,0.2728320062,32.81000137
m692,30.02997971,0,0,,0.2398081571,1,0.139259994,59.84000015
m693,30.02997971,0,0,1,0.1703577489,1,0.2034740001,
m694,0,0,1,1,0.2167316824,1,0.1304399967,17.54000092
m695,0,0,0,,0.5977286696,0,0.03613600135,39.02999878
m696,18.71222305,0,0,,0.2433090061,0,0.1021820009,39.20000076
m697,0,0,0,,0.2976190448,0,0.01696199924,28.95000076
m698,18.71222305,0,0,1,0.362187624,0,0.2076179981,26.87000084
m699,0,0,0,,1.595744729,0,0.2022899985,53.04000092
m700,30.23398399,1,0,1,12.74034214,1,4.108885765,16.64999962
m701,1.160469055,0,1,1,9.08245182,0,0.1939119995,45.52999878
m702,0.1511142254,0,0,0,6.585956573,0,0.09268400073,36.88999939
m703,0,0,0,1,23.05003929,0,0.1748059988,46.13999939
m704,0,0,0,1,2.788235188,0,0.07501799613,81.66000366
m705,8.178120613,0,0,0,74.74452972,1,0.3122099936,73.55000305
m706,0,0,0,0,46.90775681,0,0.06218999997,29.64999962
m707,1.160469055,0,0,1,6.240744591,1,0.2115380019,58.63999939
m708,0,0,0,1,10.94400024,0,0.09588000178,57.45000076
m709,0,0,0,0,47.5026741,0,0.1260700077,57.63999939
m710,0,0,0,1,6.492038727,0,0.07460399717,65.61000061
m711,0,0,0,0,25.85139275,1,0.1847200096,71.94000244
m712,0,0,0,0,5.912144661,0,0.08052200079,56.59000015
m713,0,0,0,0,10.02572727,1,0.3031559885,40.24000168
m714,0,0,0,1,9.667319298,0,0.07954999804,
m715,12.15356541,0,0,0,4.484895229,0,0.1445340067,47.20000076
m716,0,0,1,0,18.27470589,0,0.2245759964,80.37000275
m717,0,0,0,,7.608523846,0,0.01370200049,54.40999985
m718,0,0,0,1,5.882352829,0,0.1498880088,81.01999664
m719,0,0,0,1,56.02845383,0,0.1666599959,50.11000061
m720,0,0,0,,12.28393173,0,0.339673996,45.34000015
m721,0,0,0,0,19.95488739,1,0.0734520033,64.73000336
m722,0.1511142254,0,0,1,27.32282066,1,0.2078800052,39.90999985
m723,0,0,0,1,21.08263588,0,0.2580640018,54.25
m724,0,0,0,1,1.212500095,0,0.06080199778,47.43999863
m725,0,0,0,1,2.137042046,0,0.0745119974,60.11000061
m726,16.91995049,0,0,1,5.520504951,0,0.1109459996,55.43000031
m727,0.1511142254,0,0,0,20.40453148,0,0.9814720154,30.21999931
m728,2.563989401,0,1,,2.04837656,0,0.2138019949,72.08999634
m729,0,0,0,0,35.23174667,0,0.1952959895,46.20999908
m730,0,0,0,0,30.17429161,0,0.08118999749,37.11999893
m731,0,0,1,0,1.009251475,0,0.07051999867,91.26999664
m732,0,0,0,,33.35901642,0,0.3917540014,37.75
m733,0,0,0,1,4.412837505,0,0.1887679994,53.93999863
m734,0,0,0,1,16.25272369,0,0.1560299993,68.48999786
m735,16.91995049,0,0,0,10.26339722,0,0.1360619962,46.06000137
m736,0.9849965572,0,1,1,40.05249405,0,0.1140540019,83.95999908
m737,0,0,0,,14.7368412,0,0.04182999954,39.33000183
m738,0.9849965572,0,0,,2.713567734,0,0.286161989,64.86000061
m739,16.91995049,0,0,1,4.715530396,0,0.08602000028,59.18999863
m740,0.9849965572,0,0,,28.8245945,0,0.1101099998,68.68000031
m741,0,0,0,1,38.43267441,0,0.1312720031,46.63999939
m742,0,0,1,1,5.651528835,1,0.2191279978,42.56999969
m743,0,1,0,1,0.3631961346,0,0.1015499979,64.52999878
m744,0,0,0,1,7.333648205,0,0.129181996,46.15000153
m745,0,0,0,1,11.6978035,0,0.2197059989,40.93999863
m746,16.91995049,0,0,,6.103059769,0,0.1350499988,65.75
m747,0,0,0,1,93.64504242,0,0.1323360056,72.45999908
m748,0,0,0,0,24.54200172,1,0.6426519752,57.22000122
m749,0,0,0,0,26.80240822,0,0.2759000063,42.16999817
m750,2.563989401,0,0,1,5.537634373,0,0.1190799996,57.15000153
m751,12.15356541,0,0,1,0.9647919536,0,0.1813520044,57.31000137
m752,0,0,1,0,11.85185146,0,0.2518880069,33.15000153
m753,1.160469055,0,0,1,2.037252665,0,0.07152199745,57.13000107
m754,0,0,0,1,53.65714264,0,0.1825419962,
m755,0,0,0,0,45.54317474,0,0.159393996,67.98000336
m756,0,0,1,0,22.79797554,0,0.09352999926,36.22000122
m757,12.15356541,0,0,0,1.880762219,0,0.1602939963,55.11000061
m758,16.91995049,0,0,0,24.30481148,0,0.1766179949,54.38000107
m759,16.91995049,1,0,,21.41047478,0,1.63460803,48.34000015
m760,16.91995049,0,1,1,12.34680176,0,0.5143240094,41.13999939
m761,16.91995049,0,0,1,7.099630833,0,0.1013600007,63.38999939
m762,46.58892822,1,0,1,5.918999195,1,6.875,23.14999962
m763,13.30921268,0,0,1,11.68126297,1,0.3684580028,48.43999863
m764,0,0,0,1,1.795465112,0,0.1121020019,51.83000183
m765,33.20091629,0,0,0,7.92722559,1,0.06446000189,29.28000069
m766,12.60001564,0,0,0,0.5827505589,1,0.05128600076,64.33000183
m767,33.20091629,0,0,1,4.072883129,1,0.040107999,52.79999924
m768,0,0,0,1,84.24103546,0,0.1146920025,49.06999969
m769,0,0,0,,1.722880602,0,0.1556099951,22.93000031
m770,33.20091629,0,0,0,3.510125399,1,0.1121999994,52.56999969
m771,0,0,0,1,50.93420792,0,0.2423979938,45.59000015
m772,0,0,0,1,0.2599049211,0,0.1004780009,58.61000061
m773,0,0,0,1,52.58426666,0,0.06823199987,34.11000061
m774,0,0,0,1,20.9818325,0,0.2420080006,66.16000366
m775,0,0,0,,81.91099548,0,0.1235020012,72.83999634
m776,0,0,0,1,8.285437584,0,0.2457239926,42.93999863
m777,13.83643818,0,0,1,3.470910072,1,0.07548999786,32.90000153
m778,0,0,0,,67.87204742,0,0.1041459963,79.18000031
m779,0,0,0,1,48.5146637,0,0.05781200156,38.11000061
m780,33.39860535,0,0,1,0.3329633772,0,0.06745199859,42.93999863
m781,6.694162846,0,0,,92.76178741,0,0.1200779974,60.74000168
m782,0,0,0,1,81.22584534,0,0.08676199615,50.83000183
m783,0,0,0,0,7.577400684,0,0.6082919836,18.69000053
m784,13.83643818,0,0,1,0.5311077237,1,0.0389820002,35.18999863
m785,28.83281708,0,0,1,1.384615421,0,0.0507720001,37.40999985
m786,13.50621223,0,0,0,58.75556564,1,0.9939159751,26
m787,66.59951782,1,0,1,4.368958473,1,0.6036379933,14.80000019
m788,33.20091629,0,0,1,0.7426160574,1,0.0484040007,44.79999924
m789,0.03939986229,0,0,1,0.3479381204,0,0.1486340016,43.45999908
m790,0,0,0,,1.00386095,0,0.08003400266,44.18000031
m791,0,0,0,,0.5625237823,0,0.123461999,43.59000015
m792,0,0,0,,86.85474396,0,0.1291780025,69.81999969
m793,0,0,0,0,2.718006849,0,0.04317599908,38.27999878
m794,12.60001564,0,0,1,6.59770155,1,0.02775200084,35.56000137
m795,13.30921268,0,0,1,0.8407644033,1,0.2457520068,53.29999924
m796,0,0,0,0,22.34401321,0,0.06862399727,41.00999832
m797,0,0,0,0,82.91970825,0,0.1339959949,50.63999939
m798,7.215832233,1,0,,4.267352104,0,0.3903679848,56.72000122
m799,28.83281708,0,0,0,1.129207373,0,0.2130579948,41.68000031
m800,0,0,0,1,16.29138947,0,0.05342200026,56.18000031
m801,0,0,0,1,2.36653924,0,0.6579099894,22.79999924
m802,53.173069,0,0,0,45.88196945,0,3.070319891,12.89999962
m803,0,0,0,1,40.70221329,0,0.05173199996,22.45000076
m804,0.2954989672,0,0,0,48.88888931,0,0.7905600071,14.46000004
m805,0,0,0,,68.98310852,0,0.279625982,17.29999924
m806,0.1969993114,0,0,0,51.6409111,0,0.07157799602,24.84000015
m807,0.3939986229,0,1,1,60.88195419,1,0.1452160031,18.80999947
m808,0,0,0,0,47.97356796,1,0.1187179983,25.88999939
m809,45.42391968,0,0,0,49.34537888,0,0.3034240007,22.35000038
m810,0,0,0,1,52.49671936,0,0.4306719899,22.86000061
m811,0.1969993114,0,0,0,24.18269157,0,0.09408199787,23.86000061
m812,0.3939986229,0,1,,47.67245865,1,0.4088740051,22.10000038
m813,0,0,1,0,38.9734726,0,0.08847799897,20.79000092
m814,16.58247566,1,0,1,40.89658737,0,4.929173946,13.01000023
m815,16.788311,0,0,1,57.70062256,0,0.1758619994,24.44000053
m816,0.5515980721,0,0,0,69.2052536,1,0.0718960017,27.75
m817,0,0,0,1,23.76508141,1,0.3181059957,24.06999969
m818,0.02615512535,0,0,0,56.98636627,0,1.853289962,11.39000034
m819,33.98270798,0,0,1,36.17603302,0,0.1746419966,25.55999947
m820,0,0,0,1,22.62443542,0,0.108198002,24.28000069
m821,34.27820587,0,0,,51.40513229,0,0.3335500062,23.56999969
m822,0,0,0,0,34.69587708,0,0.2241960019,28.29000092
m823,0,0,0,0,12.47043419,0,0.1866859943,44.97000122
m824,25.96089745,0,0,,31.84465981,0,0.1448500007,52.90999985
m825,0,0,0,0,49.60454178,1,0.392787993,29.37000084
m826,16.25734711,1,0,,32.01388168,1,0.7376300097,19.11000061
m827,0,0,0,,38.79663086,0,0.280542016,23.59000015
m828,35.52698135,1,1,0,19.4307766,1,5.540011883,11.31000042
m829,0,0,0,,3.680387497,0,0.03081399947,39.04999924
m830,0,0,0,0,6.372462273,1,0.06687200069,41.36000061
m831,0,0,0,,14.65700912,0,0.08003799617,49.20000076
m832,23.54089737,0,0,1,8.691099167,0,0.2696320117,18.92000008
m833,0.3748896718,0,0,0,27.02921295,0,0.1226920038,30.98999977
m834,44.28025818,1,1,0,46.87517929,0,2.02315402,22.20999908
m835,0,0,0,0,26.1802578,1,0.06265199929,43.15000153
m836,0,0,0,1,1.189189196,0,0.1945659965,55.93999863
m837,0,0,0,,2.178988218,0,0.02137600072,40.13000107
m838,0,0,0,1,19.3822403,0,0.0158479996,26.63999939
m839,33.20091629,0,0,1,19.20318794,0,0.07458800077,46.27000046
m840,33.20091629,0,0,0,12.74812984,0,0.05636399984,66.70999908
m841,0,0,0,1,22.25806427,0,0.02165200002,47.90000153
m842,33.20091629,0,0,1,11.92846107,1,0.06949199736,46.13000107
m843,0,0,0,0,13.18095303,1,0.1193760037,24.07999992
m844,0,0,0,1,2.554216862,1,0.03362800181,32.34999847
m845,0,0,0,0,30.51351357,0,0.04972400144,43.93999863
m846,18.2842865,0,0,1,45.71065903,1,0.04991399869,41.29000092
m847,23.54089737,0,0,1,15.44275093,1,0.3190879822,45.13999939
m848,33.20091629,0,0,,4.678826332,0,0.0685980022,39.27999878
m849,6.694162846,0,0,1,2.51968503,0,0.03056799993,30.12999916
m850,0,0,0,1,7.02702713,0,0.05082799867,29.87000084
m851,0,0,0,0,21.9597168,0,0.07281400263,43
m852,0,0,0,1,28.78803253,0,0.109931998,40.20999908
m853,0,0,0,1,31.47116661,0,0.1294279993,51.08000183
m854,0,0,0,1,2.450866938,0,0.02172799967,36.97999954
m855,0,0,0,1,2.625570774,0,0.06118199974,66.29000092
m856,6.694162846,0,0,,2.167182684,0,0.1388359964,44.91999817
m857,0,0,0,,4.471669197,0,0.02769799903,35.34999847
m858,66.36243439,0,0,1,7.301808357,0,0.04326999933,40.86999893
m859,0,0,0,0,84.90945435,0,0.06574200094,53.47000122
m860,3.589327335,0,0,0,13.40680122,1,2.517806053,9.430000305
m861,0,0,0,1,25.53086662,0,0.03502999991,42.84999847
m862,0,0,0,1,2.31092453,0,0.04984200001,53.65999985
m863,42.22114182,0,0,,19.13378143,1,1.200368047,15.32999992
m864,2.384873629,0,0,0,3.897180796,1,0.0747840032,44.59000015
m865,2.24579215,0,0,1,11.26399899,0,0.07011999935,32.08000183
m866,0,0,0,0,44.24324417,0,0.02156800032,21.67000008
m867,0,0,0,0,6.367969513,0,0.05010399967,35.29999924
m868,11.59012318,0,0,1,6.293706417,0,0.05769199878,36.97999954
m869,0,0,0,0,7.07692337,0,0.02532400005,45.09000015
m870,0,0,0,1,25.83333206,1,0.03400800005,42.56999969
m871,0,0,0,1,10.41975307,0,0.01196399983,61.11999893
m872,0,0,0,1,25.78947258,1,0.084863998,34.81999969
m873,23.54089737,0,0,1,21.91432762,0,0.1766300052,48.84000015
m874,0,0,0,,1.477987528,1,0.07207199931,39.11999893
m875,37.66896057,0,1,1,14.03222656,0,0.2482659966,25.18000031
m876,0,0,0,1,12.65041637,0,0.08798799664,40.50999832
m877,33.20091629,0,0,1,1.485411167,0,0.0391260013,69.26999664
m878,2.384873629,1,0,,14.4973278,1,0.223646,20.89999962
m879,0,0,0,1,1.447028399,1,0.072991997,30.38999939
m880,1.394955993,0,0,,22.64257813,1,0.1187200025,49.41999817
m881,0,0,0,1,1.134676576,0,0.09085199982,49
m882,0,0,0,0,15.79365158,0,0.05609399825,24.72999954
m883,8.939954758,0,0,0,6.82857132,1,0.1064499989,41.93999863
m884,0.6069588065,0,0,1,16.76384735,0,0.06946600229,53.77999878
m885,0,0,0,1,30.97561073,0,0.0148740001,46.38999939
m886,6.694162846,0,0,1,14.07494068,0,0.02948199958,29.14999962
m887,0,0,0,0,22.55506706,0,0.03171800077,25.63999939
m888,1.793875694,0,0,0,9.600277901,1,1.049524069,14.22999954
m889,6.694162846,0,0,1,22.47372627,0,0.03339599818,21.57999992
m890,0,0,0,1,7.503391743,0,0.1806340069,35.06999969
m891,0,0,0,0,45.70452499,1,0.04945600033,50.83000183
m892,3.151988983,0,0,1,25.08223724,1,0.3191640079,49.08000183
m893,6.694162846,0,0,1,17.15415001,0,0.4665780067,39.65000153
m894,0,0,0,1,15.33366776,0,0.2064740062,33.24000168
m895,2.384873629,0,0,1,2.66283536,1,0.1119859964,35.5
m896,0,0,0,0,8.735868454,0,0.03990799934,35.29999924
m897,8.465584755,0,0,1,23.6759758,1,0.4238300025,11.14000034
m898,1.394955993,0,0,1,21.53652382,0,0.03465000167,41.47999954
m899,0,0,0,1,6.849518299,0,0.05384999886,56.68999863
m900,0,0,0,1,4.3429842,0,0.03409799933,61.95999908
m901,0.3939986229,0,0,0,25.69142914,0,0.296434015,29.13999939
m902,1.793875694,0,0,1,12.08191109,0,0.02238599956,40.22999954
m903,0,0,0,1,5.758354664,0,0.06582400203,56.90999985
m904,0,0,0,1,29.62905693,0,0.1004120037,48.18000031
m905,6.694162846,1,0,1,16.49328232,0,0.2498020083,15.13000011
m906,0,0,0,0,10.44328499,1,0.115298003,35.09000015
m907,0,0,0,1,5.072323799,0,0.1096339971,47.84999847
m908,0,0,0,0,3.515850067,0,0.04061400145,44.08000183
m909,0,0,0,0,17.99342155,1,0.05454599857,24.10000038
m910,0,0,0,0,13.15301323,0,0.1000339985,29.35000038
m911,23.54089737,0,0,0,15.07856083,0,0.2507639825,32.56999969
m912,0,0,0,1,2.635658979,0,0.02631399967,20.5
m913,6.694162846,0,0,1,28.83223534,0,0.08651600033,35.27000046
m914,0,0,0,1,12.1383276,1,0.1037959978,17.98999977
m915,41.01355743,0,0,1,19.35649872,0,2.544219971,42.15999985
m916,0,0,0,0,42.49782562,0,0.09336999804,57.15000153
m917,0,0,0,1,45.71007156,0,0.1042800024,68.05999756
m918,0,0,0,,29.968256,0,0.07903999835,81.51000214
m919,35.16470337,1,0,0,39.76092148,1,0.5458319783,44.99000168
m920,0,0,0,,78.12081146,0,0.04709599912,71.02999878
m921,0,0,0,0,39.89463806,0,0.0943299979,71.22000122
m922,0,0,0,1,61.05844498,0,0.1572619975,53.20000076
m923,0,0,0,1,55.92900467,0,0.143810004,76.94000244
m924,0.9002867937,0,0,1,10.68181801,0,0.1003820002,61.45000076
m925,0,0,0,1,57.54936981,0,0.2707040012,54.68000031
m926,16.42244911,0,0,1,25.55683517,1,0.3754220009,73.95999908
m927,0,0,0,1,13.05583763,0,0.1227540001,61.47999954
m928,33.98270798,0,0,1,28.8300209,0,0.2815180123,55.11000061
m929,0,0,0,1,5.922242165,1,0.0957159996,73.37000275
m930,34.88299561,0,0,0,27.26937294,0,0.4460580051,70.75
m931,0,0,0,0,77.70399475,0,0.2539499998,67.05999756
m932,0,0,0,1,29.43887138,1,0.1475940049,55.50999832
m933,18.08394051,0,0,1,42.40978241,1,0.532679975,58.13999939
m934,15.87253094,0,0,1,3.880538702,0,0.492298007,66.20999908
m935,0,0,0,1,33.59332657,0,0.1645340025,57.27000046
m936,1.181995869,0,0,1,65.92338562,1,0.3862319887,51.25
m937,0,0,0,1,80.24742126,0,0.2583880126,78.98999786
m938,0,0,0,0,23.24448586,0,0.3907020092,47.45999908
m939,16.39804268,0,0,1,34.92237854,1,0.2478599995,55.77000046
m940,96.64334869,1,0,1,65.92734528,0,4.533514023,16.20000076
m941,0,0,0,1,50.54852295,0,0.04512399808,39.31000137
m942,49.84043503,0,0,0,64.37342072,0,0.07040400058,45.84000015
m943,0,0,0,1,54.8434906,0,0.06854200363,34.09000015
m944,0,0,0,1,78.96774292,0,0.1145500019,
m945,49.84043503,0,0,1,71.03404999,0,0.0963800028,32.63000107
m946,0.7614083886,0,0,1,86.69820404,1,0.1939360052,66.37000275
m947,45.42391968,0,0,1,58.01319504,0,0.2089760005,28.34000015
m948,0,0,0,1,25.47368431,0,0.08076000214,28.65999985
m949,0,0,0,,79.81735229,0,0.06358399987,32.54999924
m950,0.7614083886,1,0,0,78.34625244,1,0.4072799981,47.45999908
m951,0,0,0,0,69.97727203,0,0.05621000007,45.29999924
m952,0,0,0,,68.30381012,0,0.2466499954,71.63999939
m953,0,0,0,1,36.07954788,1,0.09805999696,40.59999847
m954,0,0,0,1,72.54528046,1,0.08844400197,45.31999969
m955,55.97338867,0,0,,23.65551758,0,0.7961519957,27.84000015
m956,0,0,0,0,86.29893494,0,0.1083440036,35.84999847
m957,45.42391968,0,0,,37.89015961,0,0.2491980046,21.45000076
m958,21.75980759,0,0,,22.2107029,0,0.3746480048,28.20000076
m959,10.56128597,0,0,,22.67008972,0,0.336055994,33.93999863
m960,0,0,0,1,79.15493011,0,0.1138100028,23.43000031
m961,77.23395538,0,0,0,48.46089172,0,0.2855719924,18.57999992
m962,0,0,0,1,84.99597168,0,0.1142959967,34.75999832
m963,49.84043503,0,0,1,76.3751297,1,0.2611660063,27.35000038
m964,0.3939986229,0,0,0,83.37062073,1,0.4238359928,29.82999992
m965,71.60024261,0,0,0,58.73599243,0,0.325120002,23.5
m966,45.42391968,0,0,0,48.63942337,0,0.3128760159,16.54000092
m967,1.528093576,0,0,1,60.84415436,0,0.05228200182,39.61000061
m968,10.56128597,0,0,1,80.04220581,0,0.2602719963,47.06999969
m969,0,0,0,0,49.1386528,0,0.3273740113,63.97000122
m970,0,0,0,,85.05882263,1,0.09655799717,38
m971,0,0,0,0,92.17761993,0,0.04318000004,33.50999832
m972,0,0,0,0,24.64228821,0,0.3429380059,60.22999954
m973,0,0,0,0,44.49023819,1,0.09334199876,40.27000046
m974,0,0,0,1,51.98651505,0,0.2414059937,33.58000183
m975,0,0,0,,39.2946434,1,0.3403579891,65.95999908
m976,0,0,0,0,54.07114792,0,0.09426800162,35.50999832
m977,0,0,0,1,82.09044647,1,0.2059819996,45.72000122
m978,10.56128597,0,0,0,38.19111252,0,0.170013994,31.46999931
m979,0,0,0,1,32.03840637,0,0.1614840031,51.31000137
m980,0,0,0,,46.12007141,0,0.1791179925,47.95000076
m981,0,0,0,1,81.70658875,0,0.05928999931,29.09000015
m982,0,0,0,1,33.33333588,0,0.03692200035,52
m983,0,0,0,1,29.84260368,0,0.04857200012,48.74000168
m984,49.84043503,0,0,0,83.20670319,0,0.1687400043,34.41999817
m985,0,0,0,1,68.92060852,1,0.1398639977,28.30999947
m986,0,0,0,0,49.86381149,1,0.08053199947,35.43999863
m987,3.928678513,1,0,1,16.46592522,1,22.98779106,11.01000023
m988,0,0,0,0,50.65534592,0,0.1679040045,25.42000008
m989,0,0,0,0,27.90477943,1,0.2593260109,17.36000061
m990,0,0,0,1,44.80398941,1,0.2995460033,31.06999969
m991,0,0,0,0,13.39834976,0,0.07417400181,29.20999908
m992,45.42391968,0,0,,8.407328606,0,0.1632000059,30.37000084
m993,85.71922302,1,0,0,23.72195816,1,2.859338045,35.47000122
m994,0,0,0,0,11.10480309,0,1.27897799,11.56000042
m995,40.29529953,0,0,0,22.49607658,0,0.2441720068,21.43000031
m996,2.430055618,0,0,1,2.526875734,1,0.4756000042,15.88000011
m997,0,0,0,1,16.15273094,0,0.1800940037,19.77000046
m998,13.3355608,0,0,0,17.30906868,1,0.6848599911,13.72999954
m999,34.17970657,1,0,1,40.45532227,0,1.349048018,15.22999954
m1000,40.24302673,0,0,1,17.7827549,0,0.3842779994,24.85000038
m1001,0,0,0,1,29.77375603,1,0.1076320037,27.27000046
m1002,0,0,0,1,10.59465313,1,0.08743000031,29.42000008
m1003,40.24302673,0,0,1,15.54492283,0,0.5977579951,18.70999908
m1004,0.1536594629,0,0,1,3.592232943,1,0.1404740065,23.86000061
m1005,0,0,0,1,9.193964005,1,0.6131619811,21.46999931
m1006,0,0,0,1,42.44667053,1,0.2033060044,17.97999954
m1007,40.24302673,0,0,1,14.19642258,0,0.3272880018,21.48999977
m1008,0,0,0,1,12.4000473,0,0.7045480013,15.55000019
m1009,0,0,0,0,24.37336349,0,0.1093840003,22.69000053
m1010,0.8545829654,0,0,1,6.664652348,1,0.3147299886,18.37999916
m1011,34.83729172,0,0,,2.813753605,1,0.1525280029,18.68000031
m1012,33.98270798,0,0,1,45.84415436,1,0.1499599963,30.68000031
m1013,13.16220188,1,0,0,21.59381866,1,2.882040024,12.76000023
m1014,0,0,0,0,11.29734707,0,0.5046399832,23.78000069
m1015,0,0,0,1,2.447629452,1,0.1744699925,21.40999985
m1016,45.42391968,0,0,1,7.957304478,0,0.2179659903,26.40999985
m1017,45.42391968,0,0,1,3.602732658,0,0.4321680069,18.37000084
m1018,0,0,0,1,5.037097931,0,0.1500380039,16.51000023
m1019,2.430055618,0,0,0,14.50496864,1,0.6077200174,18.44000053
m1020,0,0,0,1,17.45190048,0,0.1854339987,29.95000076
m1021,0,0,0,1,4.845671654,0,0.1797399968,22.53000069
m1022,0,0,0,0,15.10896492,1,1.877975941,15.52999973
m1023,0,0,0,1,19.02086639,0,0.0574500002,21.95999908
m1024,0.1536594629,0,0,1,17.70833397,0,0.07853999734,18.95000076
m1025,0,0,0,1,3.803512812,1,0.08045999706,21.04999924
m1026,0,0,0,1,7.270288467,0,0.1684259921,25.71999931
m1027,0,0,0,1,36.69079971,0,0.8138219714,16.67000008
m1028,79.39481354,0,0,0,14.65639782,0,0.3972600102,17.29999924
m1029,52.17191315,1,0,1,21.8562336,1,0.843569994,33.45000076
m1030,1.006666541,0,0,0,44,1,0.4169340134,41.45999908
m1031,0.7879972458,0,0,1,45.33333206,0,0.06643000245,53.70000076
m1032,0,0,0,0,54.7305336,0,0.2171020061,
m1033,0,0,0,0,36.06407166,0,0.06792400032,36.09999847
m1034,52.1108284,0,0,0,57.06624222,0,0.4580720067,30.56999969
m1035,25.48441696,1,0,1,22.32110023,1,0.5464500189,
m1036,21.9236393,1,0,0,32.7967453,0,0.8931900263,24.67000008
m1037,21.9236393,0,0,1,15.57569027,1,0.2458200008,26.70000076
m1038,0,0,0,0,55.72138977,0,0.02895599976,46.04999924
m1039,21.86421204,0,0,,33.33333588,1,0.1121499985,57.34999847
m1040,0,0,0,0,18.00860405,0,0.158513993,35.24000168
m1041,8.540474892,0,0,1,58.59635925,0,0.1271159947,27.23999977
m1042,0,0,0,0,25.77803802,0,0.118309997,64.01999664
m1043,1.174513817,0,0,0,43.94117737,0,0.09185999632,62.83000183
m1044,18.71222305,0,0,0,44.99337387,0,0.4072880149,43.40000153
m1045,18.71222305,0,0,0,24.47349358,0,0.1108240038,55.49000168
m1046,0,0,0,0,17.1875,0,0.03555199876,45.88000107
m1047,11.3852663,0,0,1,78.51605988,0,0.04668200016,26.63999939
m1048,0,0,0,0,18.92285347,0,0.1003200039,53.45000076
m1049,0,0,0,0,22.3511219,0,0.108446002,72.41999817
m1050,0,0,0,0,41.19487,0,0.1215040013,33.72999954
m1051,0,0,0,,26.8211937,1,0.1045899987,54.90999985
m1052,18.71222305,0,0,0,26.1744976,0,0.2528060079,32.09000015
m1053,73.61791992,1,1,1,43.02587128,1,0.3575479984,26.64999962
m1054,35.62429428,0,0,1,63.32730484,0,0.05592400208,17.71999931
m1055,0,0,0,,54.82292175,0,0.4247780144,51.63000107
m1056,0,1,0,,56.30955505,1,0.6495580077,29.37999916
m1057,0,0,0,1,45.10822678,1,0.178452,40.02000046
m1058,0,0,0,0,39.51865005,0,0.3216360211,
m1059,0,0,0,0,59.93857574,0,0.3017559946,37.09999847
m1060,16.91995049,0,0,0,58.36734772,0,0.1458580047,18.65999985
m1061,35.62429428,0,0,1,42.84632874,0,0.07988800108,23.80999947
m1062,0,0,0,1,16.35991859,0,0.2358560115,37.22000122
m1063,16.91995049,0,0,1,67.79865265,0,0.1155640036,38.97000122
m1064,0,0,0,1,66.1098175,0,0.3915640116,37.06000137
m1065,35.62429428,0,1,0,47.11155319,1,0.27956599,35.11000061
m1066,4.806032181,1,0,,0.1214329004,1,0.7259920239,42.45000076
m1067,2.454611301,0,0,1,0.149253726,1,0.05623000115,19.82999992
m1068,0,1,0,,59.83044434,1,0.4056040049,37.25
m1069,0,0,0,,60.00000381,0,0.05103000253,
m1070,0,0,0,,60.00000381,0,0.08173400164,52.84000015
m1071,0,0,0,,60.00000381,0,0.03255999833,58.79999924
m1072,0,0,0,,60.00000381,0,0.03847000003,
m1073,0,0,0,,60.00000381,0,0.002880000044,71.18000031
m1074,0,0,0,1,59.87779999,0,0.06929200143,58.16999817
m1075,0,0,0,,60.00000381,0,0.0289040003,
m1076,0,0,0,,60.00000381,1,0.03981399909,57.90999985
m1077,0.3939986229,1,0,1,0.0748783201,0,0.2481440008,57.34999847
m1078,0,0,0,,0,0,0.06409800053,
m1079,0,0,0,,0,0,0.006143999752,
m1080,0,0,0,,0,0,0.01221199986,
m1081,0,0,0,,0,0,0.03762999922,97.79000092
m1082,0,0,0,,0,0,0.001578000025,
m1083,0,0,0,,0,0,0.006833999883,
m1084,0,0,0,,0,0,0.02122600004,
m1085,0,0,0,,0,0,0.00368799991,
m1086,31.63059998,1,1,1,0.01791151799,1,0.615891993,42.63000107
m1087,0,0,0,,0,0,0.2154600024,
m1088,0,1,0,0,34.38820648,0,0.1943079978,51.77999878
m1089,0,0,0,,5.208333015,0,0.03604600206,
m1090,0,0,0,,0,0,0.01185599994,83.55000305
m1091,0,0,0,,0,0,0.009262000211,
m1092,0,0,0,,24.56140327,0,0.02139999904,78.76999664
m1093,1.174513817,1,0,0,82.59719086,1,0.1631519943,45.34999847
m1094,1.174513817,0,0,0,43.85128784,0,0.1374640018,
m1095,1.335659266,0,0,0,71.27272797,0,0.03338000178,58.06000137
m1096,1.683950067,0,0,,40.67632675,0,0.2087280005,82.45999908